title,links
"“지하수 끌어쓴 인류, 자전축 흔들었다”…서울대 연구에 외신 주목",https://n.news.naver.com/article/081/0003373025?ntype=RANKING
"마돈나, 자택서 의식 잃은 채 발견… 박테리아 감염에 중환자실 입원",https://n.news.naver.com/article/081/0003372771?ntype=RANKING
[속보] 차이콥스키 콩쿠르 바이올린·첼로·성악 우승 석권,https://n.news.naver.com/article/081/0003373138?ntype=RANKING
전주 명물 ‘당근김밥’ 영업 종료 소식에 전국서 긴 줄 행렬,https://n.news.naver.com/article/081/0003373245?ntype=RANKING
‘동급생 성폭행 추락사’ 가해 남학생 2심서도 무기징역 구형,https://n.news.naver.com/article/081/0003373130?ntype=RANKING
바디워시에 몰카 숨겨 육아도우미 찍은 30대 아빠,https://n.news.naver.com/article/081/0003373230?ntype=RANKING
우승자가 3명… 차이콥스키 콩쿠르 휩쓴 K클래식,https://n.news.naver.com/article/081/0003373217?ntype=RANKING
"“명품백에 액체, 700만원 물어내” 알바생에 ‘전액 배상’ 요구한 손님",https://n.news.naver.com/article/081/0003373358?ntype=RANKING
방심위에 ‘황의조 사생활 영상’ 민원 쇄도…삭제 등 조치,https://n.news.naver.com/article/081/0003373314?ntype=RANKING
11번째 한국 온 톰 아저씨… “스턴트 찍을 땐 저도 겁나요”,https://n.news.naver.com/article/081/0003373106?ntype=RANKING
상가건물서 숨진 채 발견된 변호사…‘이태원 살인사건’ 담당 검사였다,https://n.news.naver.com/article/081/0003373021?ntype=RANKING
"‘계모 학대’로 숨진 인천 초등생 일기장엔 자책, 자책, 자책",https://n.news.naver.com/article/081/0003373322?ntype=RANKING
"택시비 안 낸 여성, 경찰 앞 ‘수상한 행동’…경찰은 마약 의심했다",https://n.news.naver.com/article/081/0003373026?ntype=RANKING
‘공군’이 프리고진 반란 도왔다? 하루만에 1000㎞ 진격한 비결 [핫이슈],https://n.news.naver.com/article/081/0003373336?ntype=RANKING
“없어서 못 팔아요”…몸값 10배로 뛴 매운 그맛,https://n.news.naver.com/article/081/0003373338?ntype=RANKING
방콕 공항 무빙 워크에 끼여 왼쪽 다리 잘라낸 태국 57세 여성,https://n.news.naver.com/article/081/0003373365?ntype=RANKING
"익산 9자녀 가족, 32평 아파트 간다… 10년 무상 임대",https://n.news.naver.com/article/081/0003373361?ntype=RANKING
"‘여객기 비상문 난동’ 10대, 필로폰 투약 상태였다",https://n.news.naver.com/article/081/0003373136?ntype=RANKING
"[핫이슈] “이놈의 인기”…‘잠적설’ 푸틴, 쿠데타 후 첫 외출에 신났나 (영상)",https://n.news.naver.com/article/081/0003373004?ntype=RANKING
"“제발 그만 좀 베껴” 삼성디스플레이, 中 BOE 또 제소",https://n.news.naver.com/article/081/0003373305?ntype=RANKING
